INSERT INTO INGREDIENTE (ID_INGREDIENTE,NOME_INGREDIENTE, VALOR_INGREDIENTE) VALUES (1, 'milho', 0.20);
INSERT INTO INGREDIENTE (NOME_INGREDIENTE, VALOR_INGREDIENTE) VALUES ('batata palha', 0.40);
INSERT INTO INGREDIENTE (NOME_INGREDIENTE, VALOR_INGREDIENTE) VALUES ('pão', 2.00);
INSERT INTO INGREDIENTE (NOME_INGREDIENTE, VALOR_INGREDIENTE) VALUES ('linguiça', 3.00);
INSERT INTO INGREDIENTE (NOME_INGREDIENTE, VALOR_INGREDIENTE) VALUES ('salsicha', 2.00);
INSERT INTO INGREDIENTE (NOME_INGREDIENTE, VALOR_INGREDIENTE) VALUES ('ovo de codorna', 0.30);
INSERT INTO INGREDIENTE (NOME_INGREDIENTE, VALOR_INGREDIENTE) VALUES ('purê de batatas', 1.00);
INSERT INTO LANCHE (ID_LANCHE, NOME_LANCHE_LANCHE, CUSTOMIZADO_LANCHE) VALUES (1, 'completo com linguiça', FALSE);
INSERT INTO LANCHE (ID_LANCHE,NOME_LANCHE_LANCHE, CUSTOMIZADO_LANCHE) VALUES (2, 'completo com salsicha', FALSE);
INSERT INTO LANCHE (ID_LANCHE,NOME_LANCHE_LANCHE, CUSTOMIZADO_LANCHE) VALUES (3, 'low carb completo', FALSE);
INSERT INTO LANCHE_INGREDIENTE (LANCHE_ID_LANCHE, INGREDIENTES_ID_INGREDIENTE) VALUES (1, 1);
INSERT INTO LANCHE_INGREDIENTE (LANCHE_ID_LANCHE, INGREDIENTES_ID_INGREDIENTE) VALUES (1, 2);
INSERT INTO LANCHE_INGREDIENTE (LANCHE_ID_LANCHE, INGREDIENTES_ID_INGREDIENTE) VALUES (1, 3);
INSERT INTO LANCHE_INGREDIENTE (LANCHE_ID_LANCHE, INGREDIENTES_ID_INGREDIENTE) VALUES (1, 4);
INSERT INTO LANCHE_INGREDIENTE (LANCHE_ID_LANCHE, INGREDIENTES_ID_INGREDIENTE) VALUES (1, 6);
INSERT INTO LANCHE_INGREDIENTE (LANCHE_ID_LANCHE, INGREDIENTES_ID_INGREDIENTE) VALUES (1, 7);

INSERT INTO LANCHE_INGREDIENTE (LANCHE_ID_LANCHE, INGREDIENTES_ID_INGREDIENTE) VALUES (2, 1);
INSERT INTO LANCHE_INGREDIENTE (LANCHE_ID_LANCHE, INGREDIENTES_ID_INGREDIENTE) VALUES (2, 2);
INSERT INTO LANCHE_INGREDIENTE (LANCHE_ID_LANCHE, INGREDIENTES_ID_INGREDIENTE) VALUES (2, 3);
INSERT INTO LANCHE_INGREDIENTE (LANCHE_ID_LANCHE, INGREDIENTES_ID_INGREDIENTE) VALUES (2, 5);
INSERT INTO LANCHE_INGREDIENTE (LANCHE_ID_LANCHE, INGREDIENTES_ID_INGREDIENTE) VALUES (2, 6);
INSERT INTO LANCHE_INGREDIENTE (LANCHE_ID_LANCHE, INGREDIENTES_ID_INGREDIENTE) VALUES (2, 7);

INSERT INTO LANCHE_INGREDIENTE (LANCHE_ID_LANCHE, INGREDIENTES_ID_INGREDIENTE) VALUES (3, 1);
INSERT INTO LANCHE_INGREDIENTE (LANCHE_ID_LANCHE, INGREDIENTES_ID_INGREDIENTE) VALUES (3, 2);
INSERT INTO LANCHE_INGREDIENTE (LANCHE_ID_LANCHE, INGREDIENTES_ID_INGREDIENTE) VALUES (3, 4);
INSERT INTO LANCHE_INGREDIENTE (LANCHE_ID_LANCHE, INGREDIENTES_ID_INGREDIENTE) VALUES (3, 5);
INSERT INTO LANCHE_INGREDIENTE (LANCHE_ID_LANCHE, INGREDIENTES_ID_INGREDIENTE) VALUES (3, 6);
INSERT INTO LANCHE_INGREDIENTE (LANCHE_ID_LANCHE, INGREDIENTES_ID_INGREDIENTE) VALUES (3, 7);

INSERT INTO USUARIO_ADMIN (ID_USUARIO_ADMIN, NOME_ADMIN_USUARIO_ADMIN, ROLE_USUARIO_ADMIN) VALUES (1, 'paulo', 'admin');





