---- Criação da tabela INGREDIENTE
--CREATE TABLE INGREDIENTE (
--    ID_INGREDIENTE BIGINT GENERATED BY DEFAULT AS IDENTITY,
--    NOME_INGREDIENTE VARCHAR(50) NOT NULL,
--    VALOR_INGREDIENTE DECIMAL(4,2) NOT NULL,
--    INGREDIENTE_ESPECIAL_INGREDIENTE BOOLEAN NOT NULL,
--    PRIMARY KEY (ID_INGREDIENTE)
--);
--
---- Criação da tabela LANCHE
--CREATE TABLE LANCHE (
--    ID_LANCHE BIGINT GENERATED BY DEFAULT AS IDENTITY,
--    NOME_LANCHE_LANCHE VARCHAR(255),
--    CUSTOMIZADO_LANCHE BOOLEAN NOT NULL,
--    PRIMARY KEY (ID_LANCHE)
--);
--
---- Criação da tabela LANCHE_INGREDIENTE
--CREATE TABLE LANCHE_INGREDIENTE (
--    LANCHE_ID_LANCHE BIGINT NOT NULL,
--    INGREDIENTES_ID_INGREDIENTE BIGINT NOT NULL,
--    PRIMARY KEY (LANCHE_ID_LANCHE, INGREDIENTES_ID_INGREDIENTE),
--    FOREIGN KEY (LANCHE_ID_LANCHE) REFERENCES LANCHE(ID_LANCHE),
--    FOREIGN KEY (INGREDIENTES_ID_INGREDIENTE) REFERENCES INGREDIENTE(ID_INGREDIENTE)
--);
--
---- Criação da tabela PEDIDO
--CREATE TABLE PEDIDO (
--    ID_PEDIDO BIGINT GENERATED BY DEFAULT AS IDENTITY,
--    PRECO_TOTAL_PEDIDO DECIMAL(8,2) NOT NULL,
--    PRIMARY KEY (ID_PEDIDO)
--);
--
---- Criação da tabela PEDIDO_LANCHE
--CREATE TABLE PEDIDO_LANCHE (
--    ID_PEDIDO BIGINT NOT NULL,
--    ID_LANCHE BIGINT NOT NULL,
--    PRIMARY KEY (ID_PEDIDO, ID_LANCHE),
--    FOREIGN KEY (ID_PEDIDO) REFERENCES PEDIDO(ID_PEDIDO),
--    FOREIGN KEY (ID_LANCHE) REFERENCES LANCHE(ID_LANCHE)
--);
--
---- Criação da tabela ITEM_PEDIDO
--CREATE TABLE ITEM_PEDIDO (
--    ID_ITEM_PEDIDO BIGINT GENERATED BY DEFAULT AS IDENTITY,
--    QUANTIDADE_LANCHE_ITEM_PEDIDO INTEGER,
--    ID_LANCHE BIGINT,
--    ID_PEDIDO BIGINT,
--    PRIMARY KEY (ID_ITEM_PEDIDO),
--    FOREIGN KEY (ID_LANCHE) REFERENCES LANCHE(ID_LANCHE),
--    FOREIGN KEY (ID_PEDIDO) REFERENCES PEDIDO(ID_PEDIDO)
--);
--
---- Criação da tabela USUARIO_ADMIN
--CREATE TABLE USUARIO_ADMIN (
--    ID_USUARIO_ADMIN BIGINT GENERATED BY DEFAULT AS IDENTITY,
--    NOME_ADMIN_USUARIO_ADMIN VARCHAR(255) NOT NULL,
--    ROLE_USUARIO_ADMIN VARCHAR(255) NOT NULL,
--    PRIMARY KEY (ID_USUARIO_ADMIN)
--);
------------------------------------------------------------

--SCRIPT DA VERSÃO 1

--INSERT INTO INGREDIENTE (ID_INGREDIENTE,NOME_INGREDIENTE, VALOR_INGREDIENTE, INGREDIENTE_ESPECIAL_INGREDIENTE) VALUES (1, 'milho', 0.20, FALSE);
--INSERT INTO INGREDIENTE (NOME_INGREDIENTE, VALOR_INGREDIENTE, INGREDIENTE_ESPECIAL_INGREDIENTE) VALUES ('batata palha', 0.40, FALSE);
--INSERT INTO INGREDIENTE (NOME_INGREDIENTE, VALOR_INGREDIENTE, INGREDIENTE_ESPECIAL_INGREDIENTE) VALUES ('pão', 2.00, FALSE);
--INSERT INTO INGREDIENTE (NOME_INGREDIENTE, VALOR_INGREDIENTE, INGREDIENTE_ESPECIAL_INGREDIENTE) VALUES ('linguiça', 3.00, FALSE);
--INSERT INTO INGREDIENTE (NOME_INGREDIENTE, VALOR_INGREDIENTE, INGREDIENTE_ESPECIAL_INGREDIENTE) VALUES ('salsicha', 2.00, FALSE);
--INSERT INTO INGREDIENTE (NOME_INGREDIENTE, VALOR_INGREDIENTE, INGREDIENTE_ESPECIAL_INGREDIENTE) VALUES ('ovo de codorna', 0.30, FALSE);
--INSERT INTO INGREDIENTE (NOME_INGREDIENTE, VALOR_INGREDIENTE, INGREDIENTE_ESPECIAL_INGREDIENTE) VALUES ('purê de batatas', 1.00, FALSE);
--INSERT INTO INGREDIENTE (NOME_INGREDIENTE, VALOR_INGREDIENTE, INGREDIENTE_ESPECIAL_INGREDIENTE) VALUES ('refrigerante 300ml', 3.00, TRUE);
--INSERT INTO INGREDIENTE (NOME_INGREDIENTE, VALOR_INGREDIENTE, INGREDIENTE_ESPECIAL_INGREDIENTE) VALUES ('cerveja longneck', 6.00, TRUE);
--
--INSERT INTO LANCHE (ID_LANCHE, NOME_LANCHE_LANCHE, CUSTOMIZADO_LANCHE) VALUES (1, 'completo com linguiça', FALSE);
--INSERT INTO LANCHE (ID_LANCHE, NOME_LANCHE_LANCHE, CUSTOMIZADO_LANCHE) VALUES (2, 'completo com salsicha', FALSE);
--INSERT INTO LANCHE (ID_LANCHE, NOME_LANCHE_LANCHE, CUSTOMIZADO_LANCHE) VALUES (3, 'low carb completo', FALSE);
--INSERT INTO LANCHE (ID_LANCHE, NOME_LANCHE_LANCHE, CUSTOMIZADO_LANCHE) VALUES (4, 'completo com salsicha + refrigerante 300ml', FALSE);
--INSERT INTO LANCHE (ID_LANCHE, NOME_LANCHE_LANCHE, CUSTOMIZADO_LANCHE) VALUES (5, 'completo com linguiça + refrigerante 300ml', FALSE);
--INSERT INTO LANCHE (ID_LANCHE, NOME_LANCHE_LANCHE, CUSTOMIZADO_LANCHE) VALUES (6, 'completo com salsicha + cerveja longneck', FALSE);
--INSERT INTO LANCHE (ID_LANCHE, NOME_LANCHE_LANCHE, CUSTOMIZADO_LANCHE) VALUES (7, 'completo com linguiça + cerveja longneck', FALSE);
--
--INSERT INTO LANCHE_INGREDIENTE (LANCHE_ID_LANCHE, INGREDIENTES_ID_INGREDIENTE) VALUES (1, 1);
--INSERT INTO LANCHE_INGREDIENTE (LANCHE_ID_LANCHE, INGREDIENTES_ID_INGREDIENTE) VALUES (1, 2);
--INSERT INTO LANCHE_INGREDIENTE (LANCHE_ID_LANCHE, INGREDIENTES_ID_INGREDIENTE) VALUES (1, 3);
--INSERT INTO LANCHE_INGREDIENTE (LANCHE_ID_LANCHE, INGREDIENTES_ID_INGREDIENTE) VALUES (1, 4);
--INSERT INTO LANCHE_INGREDIENTE (LANCHE_ID_LANCHE, INGREDIENTES_ID_INGREDIENTE) VALUES (1, 6);
--INSERT INTO LANCHE_INGREDIENTE (LANCHE_ID_LANCHE, INGREDIENTES_ID_INGREDIENTE) VALUES (1, 7);
--
--INSERT INTO LANCHE_INGREDIENTE (LANCHE_ID_LANCHE, INGREDIENTES_ID_INGREDIENTE) VALUES (2, 1);
--INSERT INTO LANCHE_INGREDIENTE (LANCHE_ID_LANCHE, INGREDIENTES_ID_INGREDIENTE) VALUES (2, 2);
--INSERT INTO LANCHE_INGREDIENTE (LANCHE_ID_LANCHE, INGREDIENTES_ID_INGREDIENTE) VALUES (2, 3);
--INSERT INTO LANCHE_INGREDIENTE (LANCHE_ID_LANCHE, INGREDIENTES_ID_INGREDIENTE) VALUES (2, 5);
--INSERT INTO LANCHE_INGREDIENTE (LANCHE_ID_LANCHE, INGREDIENTES_ID_INGREDIENTE) VALUES (2, 6);
--INSERT INTO LANCHE_INGREDIENTE (LANCHE_ID_LANCHE, INGREDIENTES_ID_INGREDIENTE) VALUES (2, 7);
--
--INSERT INTO LANCHE_INGREDIENTE (LANCHE_ID_LANCHE, INGREDIENTES_ID_INGREDIENTE) VALUES (3, 1);
--INSERT INTO LANCHE_INGREDIENTE (LANCHE_ID_LANCHE, INGREDIENTES_ID_INGREDIENTE) VALUES (3, 2);
--INSERT INTO LANCHE_INGREDIENTE (LANCHE_ID_LANCHE, INGREDIENTES_ID_INGREDIENTE) VALUES (3, 4);
--INSERT INTO LANCHE_INGREDIENTE (LANCHE_ID_LANCHE, INGREDIENTES_ID_INGREDIENTE) VALUES (3, 5);
--INSERT INTO LANCHE_INGREDIENTE (LANCHE_ID_LANCHE, INGREDIENTES_ID_INGREDIENTE) VALUES (3, 6);
--INSERT INTO LANCHE_INGREDIENTE (LANCHE_ID_LANCHE, INGREDIENTES_ID_INGREDIENTE) VALUES (3, 7);
--
--INSERT INTO LANCHE_INGREDIENTE (LANCHE_ID_LANCHE, INGREDIENTES_ID_INGREDIENTE) VALUES (4, 1);
--INSERT INTO LANCHE_INGREDIENTE (LANCHE_ID_LANCHE, INGREDIENTES_ID_INGREDIENTE) VALUES (4, 2);
--INSERT INTO LANCHE_INGREDIENTE (LANCHE_ID_LANCHE, INGREDIENTES_ID_INGREDIENTE) VALUES (4, 3);
--INSERT INTO LANCHE_INGREDIENTE (LANCHE_ID_LANCHE, INGREDIENTES_ID_INGREDIENTE) VALUES (4, 5);
--INSERT INTO LANCHE_INGREDIENTE (LANCHE_ID_LANCHE, INGREDIENTES_ID_INGREDIENTE) VALUES (4, 6);
--INSERT INTO LANCHE_INGREDIENTE (LANCHE_ID_LANCHE, INGREDIENTES_ID_INGREDIENTE) VALUES (4, 7);
--INSERT INTO LANCHE_INGREDIENTE (LANCHE_ID_LANCHE, INGREDIENTES_ID_INGREDIENTE) VALUES (4, 8);
--
--INSERT INTO LANCHE_INGREDIENTE (LANCHE_ID_LANCHE, INGREDIENTES_ID_INGREDIENTE) VALUES (5, 1);
--INSERT INTO LANCHE_INGREDIENTE (LANCHE_ID_LANCHE, INGREDIENTES_ID_INGREDIENTE) VALUES (5, 2);
--INSERT INTO LANCHE_INGREDIENTE (LANCHE_ID_LANCHE, INGREDIENTES_ID_INGREDIENTE) VALUES (5, 3);
--INSERT INTO LANCHE_INGREDIENTE (LANCHE_ID_LANCHE, INGREDIENTES_ID_INGREDIENTE) VALUES (5, 4);
--INSERT INTO LANCHE_INGREDIENTE (LANCHE_ID_LANCHE, INGREDIENTES_ID_INGREDIENTE) VALUES (5, 6);
--INSERT INTO LANCHE_INGREDIENTE (LANCHE_ID_LANCHE, INGREDIENTES_ID_INGREDIENTE) VALUES (5, 7);
--INSERT INTO LANCHE_INGREDIENTE (LANCHE_ID_LANCHE, INGREDIENTES_ID_INGREDIENTE) VALUES (5, 8);
--
--INSERT INTO LANCHE_INGREDIENTE (LANCHE_ID_LANCHE, INGREDIENTES_ID_INGREDIENTE) VALUES (6, 1);
--INSERT INTO LANCHE_INGREDIENTE (LANCHE_ID_LANCHE, INGREDIENTES_ID_INGREDIENTE) VALUES (6, 2);
--INSERT INTO LANCHE_INGREDIENTE (LANCHE_ID_LANCHE, INGREDIENTES_ID_INGREDIENTE) VALUES (6, 3);
--INSERT INTO LANCHE_INGREDIENTE (LANCHE_ID_LANCHE, INGREDIENTES_ID_INGREDIENTE) VALUES (6, 5);
--INSERT INTO LANCHE_INGREDIENTE (LANCHE_ID_LANCHE, INGREDIENTES_ID_INGREDIENTE) VALUES (6, 6);
--INSERT INTO LANCHE_INGREDIENTE (LANCHE_ID_LANCHE, INGREDIENTES_ID_INGREDIENTE) VALUES (6, 7);
--INSERT INTO LANCHE_INGREDIENTE (LANCHE_ID_LANCHE, INGREDIENTES_ID_INGREDIENTE) VALUES (6, 9);
--
--INSERT INTO LANCHE_INGREDIENTE (LANCHE_ID_LANCHE, INGREDIENTES_ID_INGREDIENTE) VALUES (7, 1);
--INSERT INTO LANCHE_INGREDIENTE (LANCHE_ID_LANCHE, INGREDIENTES_ID_INGREDIENTE) VALUES (7, 2);
--INSERT INTO LANCHE_INGREDIENTE (LANCHE_ID_LANCHE, INGREDIENTES_ID_INGREDIENTE) VALUES (7, 3);
--INSERT INTO LANCHE_INGREDIENTE (LANCHE_ID_LANCHE, INGREDIENTES_ID_INGREDIENTE) VALUES (7, 4);
--INSERT INTO LANCHE_INGREDIENTE (LANCHE_ID_LANCHE, INGREDIENTES_ID_INGREDIENTE) VALUES (7, 6);
--INSERT INTO LANCHE_INGREDIENTE (LANCHE_ID_LANCHE, INGREDIENTES_ID_INGREDIENTE) VALUES (7, 7);
--INSERT INTO LANCHE_INGREDIENTE (LANCHE_ID_LANCHE, INGREDIENTES_ID_INGREDIENTE) VALUES (7, 9);
--
--INSERT INTO PEDIDO (PRECO_TOTAL_PEDIDO) VALUES (0.0);
--
----INSERT INTO PEDIDO_LANCHE (ID_PEDIDO, ID_LANCHE) VALUES (1, 1);
--
----INSERT INTO ITEM_PEDIDO (ID_ITEM_PEDIDO, QUANTIDADE_LANCHE_ITEM_PEDIDO, ID_LANCHE, ID_PEDIDO) VALUES (1, 1, 1, 1);
--
--INSERT INTO item_pedido (lanche_id_lanche, id_pedido, quantidade_lanche_item_pedido)
--VALUES
--    (1, 1, 2), -- Pedido1 contém Lanche1 (quantidade 2)
--    (2, 1, 1); -- Pedido1 contém Lanche2 (quantidade 1)
--
--
--INSERT INTO USUARIO_ADMIN (ID_USUARIO_ADMIN, NOME_ADMIN_USUARIO_ADMIN, ROLE_USUARIO_ADMIN) VALUES (1, 'paulo', 'admin');

INSERT INTO PRODUTO (ID, NOME, VALOR, IS_INGREDIENTE, IS_LANCHE, IS_PROMOCAO, IS_CALCULADO)
VALUES
(1, 'Pão', 2.00, true, false, false, false),
(2, 'Batata Palha', 0.40, true, false, false, false),
(3, 'Linguiça', 3.00, true, false, false, false),
(4, 'Salsicha', 2.00, true, false, false, false),
(5, 'Ovo de Codorna', 0.30, true, false, false, false),
(6, 'Purê de Batatas', 1.00, true, false, false, false),
(7, 'Milho', 0.20, true, false, false, false),
(8, 'Cerveja Long Neck', 10.00, false, false, false, false),
(9, 'Refrigerante', 6.00, false, false, false, false),
(10, 'Completo com Linguiça', 6.90, false, true, false, true),
(11, 'Completo com Salsicha', 5.90, false, true, false, true),
(12, 'LowCarb Completo', 6.90, false, true, false, true),
(13, 'Completo com Linguiça + Refri', 9.90, false, false, true, true),
(14, 'Completo com Salsicha + Refri', 8.90, false, false, true, true),
(15, 'Dois Completos', 19.80, false, false, true, true),
(16, 'Completo com Linguiça + LongNeck', 12.90, false, false, true, true),
(17, 'Completo com Salsicha + LongNeck', 11.90, false, false, true, true);

INSERT INTO RECEITA_LANCHE_PADRAO (ID, ID_PRODUTO_MASTER, ID_PRODUTO_INGREDIENTE)
VALUES
(1, 10, 1),
(2, 10, 2),
(3, 10, 4),
(4, 10, 5),
(5, 10, 6),
(6, 10, 7),
(7, 11, 1),
(8, 11, 2),
(9, 11, 3),
(10, 11, 5),
(11, 11, 6),
(12, 11, 7),
(13, 12, 2),
(14, 12, 3),
(15, 12, 4),
(16, 12, 5),
(17, 12, 6),
(18, 12, 7);

INSERT INTO RECEITA_LANCHE_PROMOCAO (ID, ID_PRODUTO_MASTER, ID_ITEM_PROMOCAO, DESCONTO_ITEM_PORCENTAGEM)
VALUES
(1, 13, 10, 0),
(2, 13, 9, 50),
(3, 14, 11, 0),
(4, 14, 9, 50),
(5, 15, 10, 10),
(6, 15, 10, 10),
(7, 16, 10, 0),
(8, 16, 8, 40),
(9, 16, 11, 0),
(10, 16, 8, 40);





